{"cameraMode":{"drawMode":0,"name":"Shaded","section":"Shading Mode"},"sceneLighting":true,"audioPlay":false,"sceneViewState":{"showFog":true,"showMaterialUpdate":false,"showSkybox":true,"showFlares":true,"showImageEffects":true,"showParticleSystems":true},"in2DMode":false,"pivot":{"x":0.75,"y":0.47926193475723269,"z":1.0006669759750367},"rotation":{"x":0.038734693080186847,"y":-0.9425455331802368,"z":0.31025898456573489,"w":0.117673359811306},"size":4.08566951751709,"orthographic":false}