{"cameraMode":{"drawMode":0,"name":"Shaded","section":"Shading Mode"},"sceneLighting":false,"audioPlay":false,"sceneViewState":{"showFog":true,"showMaterialUpdate":false,"showSkybox":false,"showFlares":true,"showImageEffects":true,"showParticleSystems":true},"in2DMode":false,"pivot":{"x":0.0,"y":3.9631588459014894,"z":0.05995607376098633},"rotation":{"x":-0.05454501137137413,"y":0.18170012533664704,"z":0.010094678960740567,"w":0.9817882180213928},"size":3.463528633117676,"orthographic":true}